"post_id","text","timestamp","platform","user_id","sentiment","positive_score","negative_score","neutral_score","mixed_score","topic"
"post_11","AWS is terrible. Wouldn't recommend.","2026-02-22T14:44:10.784092","Twitter","user_4085","NEGATIVE","0.01","0.95","0.03","0.01","AWS"
"post_28","Just started learning AWS. Excited!","2026-02-22T14:27:10.784187","Twitter","user_8103","POSITIVE","0.9","0.02","0.05","0.03","AWS"
"post_35","AWS is terrible. Wouldn't recommend.","2026-02-22T14:20:10.784224","Reddit","user_7195","NEGATIVE","0.01","0.95","0.03","0.01","AWS"
"post_39","Not impressed with AWS at all.","2026-02-22T14:16:10.784244","Twitter","user_3903","NEGATIVE","0.02","0.85","0.1","0.03","AWS"
"post_41","AWS is okay, nothing special.","2026-02-22T14:14:10.784256","Reddit","user_2002","NEUTRAL","0.05","0.1","0.8","0.05","AWS"
"post_73","AWS documentation could be better.","2026-02-22T13:42:10.784672","LinkedIn","user_7794","MIXED","0.2","0.4","0.2","0.2","AWS"
"post_79","Having issues with AWS. Frustrated!","2026-02-22T13:36:10.784748","LinkedIn","user_5438","NEGATIVE","0.02","0.9","0.05","0.03","AWS"
"post_83","Just started learning AWS. Excited!","2026-02-22T13:32:10.784773","Twitter","user_3303","POSITIVE","0.9","0.02","0.05","0.03","AWS"
"post_84","Having issues with AWS. Frustrated!","2026-02-22T13:31:10.784778","Twitter","user_4334","NEGATIVE","0.02","0.9","0.05","0.03","AWS"
"post_92","Not impressed with AWS at all.","2026-02-22T13:23:10.784822","Twitter","user_8564","NEGATIVE","0.02","0.85","0.1","0.03","AWS"
